Category	Term	Count	%	PValue	Genes	List Total	Pop Hits	Pop Total	Fold Enrichment	Bonferroni	Benjamini	FDR
KEGG_PATHWAY	hsa04974:Protein digestion and absorption	4	5.0	0.008088733228171907	COL22A1, COL11A2, COL9A1, COL9A2	36	105	8840	9.354497354497354	0.4862267251610731	0.5243581045836994	0.5243581045836994
KEGG_PATHWAY	hsa04820:Cytoskeleton in muscle cells	5	6.25	0.012789222063017058	OBSCN, COL11A2, COL9A1, COL9A2, TRIM54	36	232	8840	5.292145593869732	0.6519746903583941	0.5243581045836994	0.5243581045836994
KEGG_PATHWAY	hsa04022:cGMP-PKG signaling pathway	4	5.0	0.027427874293399657	MEF2C, PDE2A, NPPA, BDKRB2	36	166	8840	5.9170013386880855	0.8977674706814767	0.7496952306862572	0.7496952306862572
KEGG_PATHWAY	hsa04024:cAMP signaling pathway	4	5.0	0.05928087693751997	ADORA2A, PPP1R1B, NPPA, DRD1	36	226	8840	4.346116027531957	0.9933362645719751	1.0	1.0
KEGG_PATHWAY	hsa04020:Calcium signaling pathway	4	5.0	0.07826054708070082	ADORA2A, ITPKA, BDKRB2, DRD1	36	254	8840	3.8670166229221348	0.9987472324307155	1.0	1.0
