Category	Term	Count	%	PValue	Genes	List Total	Pop Hits	Pop Total	Fold Enrichment	Bonferroni	Benjamini	FDR
KEGG_PATHWAY	hsa05200:Pathways in cancer	6	12.5	0.015198897824053597	GNA13, NOTCH2, TXNRD3, SP1, WNT7A, AGT	26	533	8840	3.827392120075047	0.8591971889184935	1.0	1.0
KEGG_PATHWAY	hsa04270:Vascular smooth muscle contraction	3	6.25	0.054523555485552405	GNA13, NPR1, AGT	26	134	8840	7.611940298507463	0.9992356516902433	1.0	1.0
KEGG_PATHWAY	hsa05224:Breast cancer	3	6.25	0.06499169906928663	NOTCH2, SP1, WNT7A	26	148	8840	6.891891891891892	0.9998161855221775	1.0	1.0
KEGG_PATHWAY	hsa04072:Phospholipase D signaling pathway	3	6.25	0.06576404033274533	GNA13, AGT, RAPGEF4	26	149	8840	6.845637583892618	0.9998346355307282	1.0	1.0
KEGG_PATHWAY	hsa04934:Cushing syndrome	3	6.25	0.07046368424434901	SP1, WNT7A, AGT	26	155	8840	6.580645161290323	0.9999132849848872	1.0	1.0
KEGG_PATHWAY	hsa00410:beta-Alanine metabolism	2	4.166666666666666	0.08418730072139545	ALDH2, ABAT	26	31	8840	21.935483870967744	0.999987080292953	1.0	1.0
