Category	Term	Count	%	PValue	Genes	List Total	Pop Hits	Pop Total	Fold Enrichment	Bonferroni	Benjamini	FDR
KEGG_PATHWAY	hsa04926:Relaxin signaling pathway	3	6.25	0.02526516191547777	EDN1, GNB3, RXFP2	18	130	8840	11.333333333333332	0.8005432329022601	1.0	1.0
KEGG_PATHWAY	hsa00600:Sphingolipid metabolism	2	4.166666666666666	0.09900836256478458	SMPD4, GLB1	18	54	8840	18.189300411522634	0.9985958681662411	1.0	1.0
