Category	Term	Count	%	PValue	Genes	List Total	Pop Hits	Pop Total	Fold Enrichment	Bonferroni	Benjamini	FDR
KEGG_PATHWAY	hsa05416:Viral myocarditis	3	3.75	0.02561570990143228	CASP9, CAV1, MYH6	33	69	8840	11.646903820816865	0.946725316512342	1.0	1.0
KEGG_PATHWAY	hsa01232:Nucleotide metabolism	3	3.75	0.03761381565982153	NT5C3B, UCK2, AK5	33	85	8840	9.454545454545455	0.9868634925019101	1.0	1.0
KEGG_PATHWAY	hsa04820:Cytoskeleton in muscle cells	4	5.0	0.050630677789092034	MYL3, COL9A3, MYH6, MYOM2	33	232	8840	4.618599791013584	0.9971804687778375	1.0	1.0
KEGG_PATHWAY	hsa04371:Apelin signaling pathway	3	3.75	0.09076894427555884	MYL3, AGTR1, MYLK3	33	140	8840	5.740259740259741	0.9999786109496756	1.0	1.0
KEGG_PATHWAY	hsa01100:Metabolic pathways	10	12.5	0.09731291627433092	NT5C3B, UGT8, UCK2, AOC2, PIGA, MTHFD2L, SRD5A3, B3GAT1, AK5, ALDH9A1	33	1561	8840	1.716071671228622	0.9999905440144516	1.0	1.0
