Category	Term	Count	%	PValue	Genes	List Total	Pop Hits	Pop Total	Fold Enrichment	Bonferroni	Benjamini	FDR
KEGG_PATHWAY	hsa04151:PI3K-Akt signaling pathway	6	7.792207792207792	0.005906708182166307	CDKN1A, ITGB5, DDIT4, GNB4, NGF, BCL2L1	30	362	8840	4.883977900552487	0.5584847004344352	0.8151257291389504	0.8151257291389504
KEGG_PATHWAY	hsa01524:Platinum drug resistance	3	3.896103896103896	0.024873440733099238	CDKN1A, MGST3, BCL2L1	30	75	8840	11.786666666666669	0.9690674317169831	1.0	1.0
KEGG_PATHWAY	hsa05200:Pathways in cancer	6	7.792207792207792	0.027891141067240433	CDKN1A, MGST3, GNB4, BDKRB1, FOS, BCL2L1	30	533	8840	3.3170731707317076	0.9798323021085616	1.0	1.0
KEGG_PATHWAY	hsa04725:Cholinergic synapse	3	3.896103896103896	0.054227175506697284	GNB4, KCNQ5, FOS	30	115	8840	7.6869565217391305	0.999544401089397	1.0	1.0
KEGG_PATHWAY	hsa04210:Apoptosis	3	3.896103896103896	0.07282998095015825	FOS, NGF, BCL2L1	30	136	8840	6.5	0.99997062388101	1.0	1.0
KEGG_PATHWAY	hsa05418:Fluid shear stress and atherosclerosis	3	3.896103896103896	0.07752969792970232	DUSP1, MGST3, FOS	30	141	8840	6.269503546099291	0.9999854309816089	1.0	1.0
