Category	Term	Count	%	PValue	Genes	List Total	Pop Hits	Pop Total	Fold Enrichment	Bonferroni	Benjamini	FDR
KEGG_PATHWAY	hsa00250:Alanine, aspartate and glutamate metabolism	3	6.521739130434782	0.0037355356336535275	GLS2, DDO, ASS1	23	37	8840	31.16333725029377	0.236209828619787	0.2671866579640872	0.2634757321590304
KEGG_PATHWAY	hsa01100:Metabolic pathways	10	21.73913043478261	0.008946929869854537	GRHPR, PFKL, GLS2, GPX6, ACACB, DDO, PLCD1, HK2, ASS1, GNMT	23	1561	8840	2.4621897891541096	0.476426557426298	0.2671866579640872	0.2634757321590304
KEGG_PATHWAY	hsa05230:Central carbon metabolism in cancer	3	6.521739130434782	0.013244477093507206	PFKL, GLS2, HK2	23	71	8840	16.240048989589713	0.6170970253837997	0.2671866579640872	0.2634757321590304
KEGG_PATHWAY	hsa00470:D-Amino acid metabolism	2	4.3478260869565215	0.014843703220227067	GLS2, DDO	23	6	8840	128.1159420289855	0.6593017495246036	0.2671866579640872	0.2634757321590304
KEGG_PATHWAY	hsa04152:AMPK signaling pathway	3	6.521739130434782	0.03645262442990108	PFKL, CIDEA, ACACB	23	122	8840	9.451176051318603	0.9309980688898604	0.5249177917905756	0.5176272669045954
KEGG_PATHWAY	hsa00220:Arginine biosynthesis	2	4.3478260869565215	0.05576734693283749	GLS2, ASS1	23	23	8840	33.42155009451796	0.9839420878985428	0.6692081631940499	0.6599136053719104
KEGG_PATHWAY	hsa00052:Galactose metabolism	2	4.3478260869565215	0.0767706478911523	PFKL, HK2	23	32	8840	24.02173913043478	0.9968209932366869	0.7323939309517518	0.7222217930218663
KEGG_PATHWAY	hsa00051:Fructose and mannose metabolism	2	4.3478260869565215	0.08137710343908353	PFKL, HK2	23	34	8840	22.60869565217391	0.9977824003285911	0.7323939309517518	0.7222217930218663
KEGG_PATHWAY	hsa00260:Glycine, serine and threonine metabolism	2	4.3478260869565215	0.09732753991239546	GRHPR, GNMT	23	41	8840	18.74867444326617	0.9993716901475208	0.7786203192991636	0.7678061481977864
