Category	Term	Count	%	PValue	Genes	List Total	Pop Hits	Pop Total	Fold Enrichment	Bonferroni	Benjamini	FDR
KEGG_PATHWAY	hsa04914:Progesterone-mediated oocyte maturation	3	6.521739130434782	0.023247324436012497	CCNA2, CCNB1, PIK3CD	20	111	8840	11.945945945945946	0.9601442022295242	1.0	1.0
KEGG_PATHWAY	hsa04218:Cellular senescence	3	6.521739130434782	0.043986852680433564	CCNA2, CCNB1, PIK3CD	20	157	8840	8.445859872611464	0.997893558110191	1.0	1.0
KEGG_PATHWAY	hsa05161:Hepatitis B	3	6.521739130434782	0.047065353312648224	IFIH1, CCNA2, PIK3CD	20	163	8840	8.134969325153374	0.998645911452115	1.0	1.0
KEGG_PATHWAY	hsa04820:Cytoskeleton in muscle cells	3	6.521739130434782	0.08755540801412563	MYH3, ITGA7, FBN1	20	232	8840	5.71551724137931	0.9999964658034114	1.0	1.0
KEGG_PATHWAY	hsa05168:Herpes simplex virus 1 infection	4	8.695652173913043	0.09820189779132646	IFIH1, PIK3CD, SRSF5, ZNF26	20	522	8840	3.3869731800766285	0.9999992920926335	1.0	1.0
